experiment,run_name,sampler,elapsed_sec,budget_per_sample,total_reward_evals,forward_passes,fp_per_sample,validity,uniqueness,qed_mean,qed_top10,qed_max,num_samples,beam_width,branching_factor,steps_per_interval,elite_buffer_size,diversity_penalty,diversity_cutoff,c_uct,rollout_budget_per_sample,softmax_temp,randomness,min_add_len,seed,reward_type,reward_alpha
hp_sweep,beam_B100_N10_L2_t05,beam_search,158.31868600845337,124.0,6200,195300,3906.0,1.0,1.0,0.9360378102349215,0.9459129747697961,0.9473970269670792,50,10,2,1,50,,,,,0.5,0.5,40,0,none,0.0
hp_sweep,beam_B100_N10_L2_t08,beam_search,100.78435325622559,90.0,4500,103500,2070.0,1.0,1.0,0.6841908215907752,0.8311823938029115,0.8329361013152555,50,10,2,1,50,,,,,0.8,0.5,40,0,none,0.0
hp_sweep,beam_B100_N10_L4_t05,beam_search,69.08161926269531,80.0,4000,84000,1680.0,0.6,1.0,0.7666393370725664,0.9479230456305644,0.9479230456305644,50,10,4,2,50,,,,,0.5,0.5,40,0,none,0.0
hp_sweep,beam_B100_N10_L4_t08,beam_search,189.017151594162,84.0,4200,88200,1764.0,0.88,1.0,0.7451268279087404,0.947978729889763,0.9480344141489615,50,10,4,2,50,,,,,0.8,0.5,40,0,none,0.0
hp_sweep,beam_B100_N10_L8_t05,beam_search,189.17083501815796,88.0,4400,96800,1936.0,0.38,1.0,0.7816684754767653,0.9479230456305644,0.9479230456305644,50,10,8,4,50,,,,,0.5,0.5,40,0,none,0.0
hp_sweep,beam_B100_N10_L8_t08,beam_search,66.41497111320496,80.0,4000,88000,1760.0,0.96,1.0,0.7534537093009003,0.9438513735021333,0.9443282081220039,50,10,8,4,50,,,,,0.8,0.5,40,0,none,0.0
hp_sweep,beam_B100_N20_L2_t05,beam_search,327.0497856140137,96.0,4800,98400,1968.0,0.86,1.0,0.7633431140419362,0.9470730365195323,0.947893550795942,50,20,2,1,50,,,,,0.5,0.5,40,0,none,0.0
hp_sweep,beam_B100_N20_L2_t08,beam_search,133.52857375144958,122.4,6120,159120,3182.4,1.0,1.0,0.8925894131913512,0.9442288902572198,0.946769903794239,50,20,2,1,50,,,,,0.8,0.5,40,0,none,0.0
hp_sweep,beam_B100_N20_L4_t05,beam_search,94.78835439682007,110.4,5520,126960,2539.2,0.64,1.0,0.7096455892157518,0.9479230456305644,0.9479230456305644,50,20,4,2,50,,,,,0.5,0.5,40,0,none,0.0
hp_sweep,beam_B100_N20_L4_t08,beam_search,134.1786756515503,134.4,6720,194880,3897.6,0.66,1.0,0.9447253135291087,0.9479230456305644,0.9479230456305644,50,20,4,2,50,,,,,0.8,0.5,40,0,none,0.0
hp_sweep,beam_B100_N20_L8_t05,beam_search,182.4396049976349,163.2,8160,277440,5548.8,0.26,1.0,0.9438502909407744,0.9479230456305644,0.9479230456305644,50,20,8,4,50,,,,,0.5,0.5,40,0,none,0.0
hp_sweep,beam_B100_N20_L8_t08,beam_search,88.41723799705505,105.6,5280,126720,2534.4,0.7,1.0,0.7968624430785195,0.9479280577744839,0.9479380820623227,50,20,8,4,50,,,,,0.8,0.5,40,0,none,0.0
hp_sweep,beam_B100_N50_L2_t05,beam_search,55.39971899986267,80.0,4000,82000,1640.0,0.26,1.0,0.9472772814140344,0.9479230456305644,0.9479230456305644,50,50,2,1,50,,,,,0.5,0.5,40,0,none,0.0
hp_sweep,beam_B100_N50_L2_t08,beam_search,76.55830001831055,96.0,4800,117600,2352.0,0.3,1.0,0.9475688724173572,0.9478300554393779,0.9478300554393779,50,50,2,1,50,,,,,0.8,0.5,40,0,none,0.0
hp_sweep,beam_B100_N50_L4_t05,beam_search,102.19429159164429,116.0,5800,174000,3480.0,0.1,1.0,0.9479217234665459,0.9480344141489615,0.9480344141489615,50,50,4,2,50,,,,,0.5,0.5,40,0,none,0.0
hp_sweep,beam_B100_N50_L4_t08,beam_search,217.1108124256134,80.0,4000,84000,1680.0,0.1,1.0,0.7175994852615286,0.7877869093565646,0.7877869093565646,50,50,4,2,50,,,,,0.8,0.5,40,0,none,0.0
hp_sweep,beam_B100_N50_L8_t05,beam_search,323.8135645389557,144.0,7200,252000,5040.0,0.18,1.0,0.9479230456305644,0.9479230456305644,0.9479230456305644,50,50,8,4,50,,,,,0.5,0.5,40,0,none,0.0
hp_sweep,beam_B100_N50_L8_t08,beam_search,54.17442274093628,80.0,4000,88000,1760.0,0.3,1.0,0.9480039324408285,0.948228541614831,0.948228541614831,50,50,8,4,50,,,,,0.8,0.5,40,0,none,0.0
hp_sweep,beam_B100_N5_L2_t05,beam_search,546.2845010757446,80.0,4000,82000,1640.0,1.0,1.0,0.7552291468235149,0.927385509150062,0.9323543819016517,50,5,2,1,50,,,,,0.5,0.5,40,0,none,0.0
hp_sweep,beam_B100_N5_L2_t08,beam_search,154.6343743801117,106.0,5300,143100,2862.0,1.0,1.0,0.9308118381076256,0.9466308497835378,0.9468508846809878,50,5,2,1,50,,,,,0.8,0.5,40,0,none,0.0
hp_sweep,beam_B100_N5_L4_t05,beam_search,161.9222640991211,120.0,6000,180000,3600.0,1.0,1.0,0.9274652728372146,0.9451724033770906,0.947893550795942,50,5,4,2,50,,,,,0.5,0.5,40,0,none,0.0
hp_sweep,beam_B100_N5_L4_t08,beam_search,134.09328842163086,108.0,5400,145800,2916.0,1.0,1.0,0.8701283360908887,0.9474319292066893,0.9478558875621353,50,5,4,2,50,,,,,0.8,0.5,40,0,none,0.0
hp_sweep,beam_B100_N5_L8_t05,beam_search,124.49729681015015,104.0,5200,145600,2912.0,1.0,1.0,0.8064478076425259,0.9437223609375411,0.9437223609375412,50,5,8,4,50,,,,,0.5,0.5,40,0,none,0.0
hp_sweep,beam_B100_N5_L8_t08,beam_search,101.14724206924438,96.0,4800,120000,2400.0,1.0,1.0,0.809698779521408,0.9462012253972711,0.9466786472143096,50,5,8,4,50,,,,,0.8,0.5,40,0,none,0.0
hp_sweep,beam_B200_N10_L2_t05,beam_search,128.73951268196106,106.0,5300,143100,2862.0,1.0,1.0,0.9054595288154352,0.9469216279306361,0.947893550795942,50,10,2,1,50,,,,,0.5,0.5,40,0,none,0.0
hp_sweep,beam_B200_N10_L2_t08,beam_search,773.6469776630402,118.0,5900,177000,3540.0,1.0,1.0,0.9218381733773836,0.9473532974736172,0.9481556770739474,50,10,2,1,50,,,,,0.8,0.5,40,0,none,0.0
hp_sweep,beam_B200_N10_L4_t05,beam_search,865.8747751712799,216.0,10800,297000,5940.0,1.0,1.0,0.9422443952054154,0.9474668073640558,0.9479230456305644,50,10,4,1,50,,,,,0.5,0.5,40,0,none,0.0
hp_sweep,beam_B200_N10_L4_t08,beam_search,229.7088873386383,216.0,10800,297000,5940.0,1.0,1.0,0.7951477557488955,0.9479230456305643,0.9479230456305644,50,10,4,1,50,,,,,0.8,0.5,40,0,none,0.0
hp_sweep,beam_B200_N10_L8_t05,beam_search,120.11788392066956,160.0,8000,168000,3360.0,0.6,1.0,0.8655942787522355,0.9480344141489615,0.9480344141489615,50,10,8,2,50,,,,,0.5,0.5,40,0,none,0.0
hp_sweep,beam_B200_N10_L8_t08,beam_search,153.39604449272156,184.0,9200,211600,4232.0,1.0,1.0,0.9117320048391953,0.9477732377977561,0.9478653146576197,50,10,8,2,50,,,,,0.8,0.5,40,0,none,0.0
hp_sweep,beam_B200_N20_L2_t05,beam_search,104.57230138778687,108.0,5400,124200,2484.0,0.76,1.0,0.6234555719771472,0.9467699037942389,0.946769903794239,50,20,2,1,50,,,,,0.5,0.5,40,0,none,0.0
hp_sweep,beam_B200_N20_L2_t08,beam_search,106.81214213371277,110.4,5520,129720,2594.4,1.0,1.0,0.8717178222703171,0.9453507154095565,0.9465690164457922,50,20,2,1,50,,,,,0.8,0.5,40,0,none,0.0
hp_sweep,beam_B200_N20_L4_t05,beam_search,180.0106143951416,206.4,10320,227040,4540.8,0.34,1.0,0.7487569895419718,0.9479230456305644,0.9479230456305644,50,20,4,1,50,,,,,0.5,0.5,40,0,none,0.0
hp_sweep,beam_B200_N20_L4_t08,beam_search,138.8817834854126,192.0,9600,196800,3936.0,0.66,1.0,0.9196503072957342,0.9479405052469484,0.9480344141489615,50,20,4,1,50,,,,,0.8,0.5,40,0,none,0.0
hp_sweep,beam_B200_N20_L8_t05,beam_search,175.36365509033203,211.2,10560,232320,4646.4,0.5,1.0,0.8265598837447412,0.9477931121106975,0.9478423903256857,50,20,8,2,50,,,,,0.5,0.5,40,0,none,0.0
hp_sweep,beam_B200_N20_L8_t08,beam_search,547.0193016529083,201.6,10080,221760,4435.2,0.54,1.0,0.9055869531479599,0.9481314778818963,0.948228541614831,50,20,8,2,50,,,,,0.8,0.5,40,0,none,0.0
hp_sweep,beam_B200_N50_L2_t05,beam_search,101.33334875106812,100.0,5000,127500,2550.0,0.52,1.0,0.8365794220654073,0.919785673140541,0.9215063716763385,50,50,2,1,50,,,,,0.5,0.5,40,0,none,0.0
hp_sweep,beam_B200_N50_L2_t08,beam_search,593.4268753528595,126.0,6300,201600,4032.0,0.42,1.0,0.9256372882916205,0.9309414312274816,0.9309414312274816,50,50,2,1,50,,,,,0.8,0.5,40,0,none,0.0
hp_sweep,beam_B200_N50_L4_t05,beam_search,367.5986559391022,160.0,8000,164000,3280.0,0.18,1.0,0.724256167690884,0.7607759678912092,0.7607759678912092,50,50,4,1,50,,,,,0.5,0.5,40,0,none,0.0
hp_sweep,beam_B200_N50_L4_t08,beam_search,276.4393665790558,276.0,13800,483000,9660.0,0.2,1.0,0.9474650456722447,0.9477962897392284,0.9477962897392284,50,50,4,1,50,,,,,0.8,0.5,40,0,none,0.0
hp_sweep,beam_B200_N50_L8_t05,beam_search,261.1451926231384,272.0,13600,476000,9520.0,0.14,1.0,0.9474453105383844,0.9480980627702048,0.9480980627702048,50,50,8,2,50,,,,,0.5,0.5,40,0,none,0.0
hp_sweep,beam_B200_N50_L8_t08,beam_search,104.07256150245667,160.0,8000,168000,3360.0,0.52,1.0,0.9473609461857297,0.9480344141489615,0.9480344141489615,50,50,8,2,50,,,,,0.8,0.5,40,0,none,0.0
hp_sweep,beam_B200_N5_L2_t05,beam_search,111.24962496757507,90.0,4500,103500,2070.0,1.0,1.0,0.8186319796964302,0.9433154850774208,0.9479230456305644,50,5,2,1,50,,,,,0.5,0.5,40,0,none,0.0
hp_sweep,beam_B200_N5_L2_t08,beam_search,117.19274806976318,92.0,4600,108100,2162.0,1.0,1.0,0.7908023628850863,0.8407585942002977,0.8636003989045693,50,5,2,1,50,,,,,0.8,0.5,40,0,none,0.0
hp_sweep,beam_B200_N5_L4_t05,beam_search,195.4754822254181,184.0,9200,216200,4324.0,1.0,1.0,0.7477449607392173,0.9410953352240291,0.9422185469292511,50,5,4,1,50,,,,,0.5,0.5,40,0,none,0.0
hp_sweep,beam_B200_N5_L4_t08,beam_search,293.4059019088745,220.0,11000,308000,6160.0,1.0,1.0,0.8013012645581071,0.9474001388214413,0.94741258623889,50,5,4,1,50,,,,,0.8,0.5,40,0,none,0.0
hp_sweep,beam_B200_N5_L8_t05,beam_search,193.33905291557312,192.0,9600,240000,4800.0,1.0,1.0,0.8567880618425763,0.9478166707018174,0.9480344141489615,50,5,8,2,50,,,,,0.5,0.5,40,0,none,0.0
hp_sweep,beam_B200_N5_L8_t08,beam_search,764.2115263938904,184.0,9200,211600,4232.0,1.0,1.0,0.7907518046112135,0.9479453193342439,0.9480344141489615,50,5,8,2,50,,,,,0.8,0.5,40,0,none,0.0
hp_sweep,beam_B20_N10_L2_t05,beam_search,71.4957857131958,20.0,1000,27500,550.0,1.0,1.0,0.7585335141854229,0.9461477330483667,0.9466786472143095,50,10,2,5,50,,,,,0.5,0.5,40,0,none,0.0
hp_sweep,beam_B20_N10_L2_t08,beam_search,15.789294719696045,16.0,800,18000,360.0,1.0,1.0,0.7798914714785554,0.9452053969503952,0.9465231229390886,50,10,2,5,50,,,,,0.8,0.5,40,0,none,0.0
hp_sweep,beam_B20_N10_L4_t05,beam_search,15.690191745758057,16.0,800,20000,400.0,1.0,1.0,0.778852905482639,0.9461011773827155,0.9461011773827155,50,10,4,10,50,,,,,0.5,0.5,40,0,none,0.0
hp_sweep,beam_B20_N10_L4_t08,beam_search,15.755556583404541,16.0,800,20000,400.0,1.0,1.0,0.7277046642891531,0.9449022729397356,0.9466786472143096,50,10,4,10,50,,,,,0.8,0.5,40,0,none,0.0
hp_sweep,beam_B20_N10_L8_t05,beam_search,21.226999282836914,24.0,1200,26400,528.0,0.64,1.0,0.6768776040242676,0.9467699037942389,0.946769903794239,50,10,8,20,50,,,,,0.5,0.5,40,0,none,0.0
hp_sweep,beam_B20_N10_L8_t08,beam_search,16.721700191497803,16.0,800,24000,480.0,1.0,1.0,0.9365522256760372,0.9476829314642428,0.9479288259675456,50,10,8,20,50,,,,,0.8,0.5,40,0,none,0.0
hp_sweep,beam_B20_N20_L2_t05,beam_search,28.316563367843628,26.4,1320,38280,765.6,0.26,1.0,0.9449111755170616,0.947893550795942,0.947893550795942,50,20,2,5,50,,,,,0.5,0.5,40,0,none,0.0
hp_sweep,beam_B20_N20_L2_t08,beam_search,28.496027946472168,26.4,1320,34320,686.4,0.94,1.0,0.7717639258972555,0.9472207416097759,0.947893550795942,50,20,2,5,50,,,,,0.8,0.5,40,0,none,0.0
hp_sweep,beam_B20_N20_L4_t05,beam_search,29.591787338256836,28.8,1440,40320,806.4,0.22,1.0,0.9395962860531113,0.9475375578237158,0.9475375578237158,50,20,4,10,50,,,,,0.5,0.5,40,0,none,0.0
hp_sweep,beam_B20_N20_L4_t08,beam_search,109.3519537448883,33.6,1680,53760,1075.2,0.22,1.0,0.9293341691239516,0.9471102565389131,0.9471102565389131,50,20,4,10,50,,,,,0.8,0.5,40,0,none,0.0
hp_sweep,beam_B20_N20_L8_t05,beam_search,30.42644500732422,28.8,1440,43200,864.0,0.66,1.0,0.8101533448319183,0.9475355373864044,0.9480344141489615,50,20,8,20,50,,,,,0.5,0.5,40,0,none,0.0
hp_sweep,beam_B20_N20_L8_t08,beam_search,28.785543203353882,28.8,1440,38880,777.6,1.0,1.0,0.7746695643196303,0.9376129801445053,0.9456384990226271,50,20,8,20,50,,,,,0.8,0.5,40,0,none,0.0
hp_sweep,beam_B20_N50_L2_t05,beam_search,39.43107080459595,18.0,900,20700,414.0,0.46,1.0,0.746816606311436,0.8229386618758828,0.8531546470964301,50,50,2,5,50,,,,,0.5,0.5,40,0,none,0.0
hp_sweep,beam_B20_N50_L2_t08,beam_search,18.79348874092102,20.0,1000,23500,470.0,0.86,1.0,0.7646872278462422,0.856802410671458,0.8981654530672417,50,50,2,5,50,,,,,0.8,0.5,40,0,none,0.0
hp_sweep,beam_B20_N50_L4_t05,beam_search,31.536912441253662,24.0,1200,37200,744.0,0.98,1.0,0.8574495178724176,0.9276141598216556,0.9396935493913704,50,50,4,10,50,,,,,0.5,0.5,40,0,none,0.0
hp_sweep,beam_B20_N50_L4_t08,beam_search,19.208395957946777,24.0,1200,31200,624.0,0.08,1.0,0.9479009245045975,0.9479230456305644,0.9479230456305644,50,50,4,10,50,,,,,0.8,0.5,40,0,none,0.0
hp_sweep,beam_B20_N50_L8_t05,beam_search,20.21968150138855,24.0,1200,28800,576.0,0.26,1.0,0.8284617775387313,0.9118674569949395,0.9118674569949395,50,50,8,20,50,,,,,0.5,0.5,40,0,none,0.0
hp_sweep,beam_B20_N50_L8_t08,beam_search,22.204892873764038,24.0,1200,37200,744.0,0.24,1.0,0.9466234771886523,0.9477962897392284,0.9477962897392284,50,50,8,20,50,,,,,0.8,0.5,40,0,none,0.0
hp_sweep,beam_B20_N5_L2_t05,beam_search,19.29742121696472,16.0,800,18000,360.0,1.0,1.0,0.8032850742616924,0.9380976181073392,0.9461011773827155,50,5,2,5,50,,,,,0.5,0.5,40,0,none,0.0
hp_sweep,beam_B20_N5_L2_t08,beam_search,20.29152226448059,16.0,800,18000,360.0,1.0,1.0,0.7803272083115135,0.9344225213223499,0.9403750520160179,50,5,2,5,50,,,,,0.8,0.5,40,0,none,0.0
hp_sweep,beam_B20_N5_L4_t05,beam_search,18.467069387435913,16.0,800,20000,400.0,1.0,1.0,0.7768712278108952,0.9409101748507555,0.9466786472143095,50,5,4,10,50,,,,,0.5,0.5,40,0,none,0.0
hp_sweep,beam_B20_N5_L4_t08,beam_search,97.10903024673462,24.0,1200,36000,720.0,1.0,1.0,0.9126489529131459,0.9434687371548829,0.9460554173924859,50,5,4,10,50,,,,,0.8,0.5,40,0,none,0.0
hp_sweep,beam_B20_N5_L8_t05,beam_search,19.992753744125366,16.0,800,24000,480.0,1.0,1.0,0.6900932310617975,0.9427014662215492,0.9479230456305644,50,5,8,20,50,,,,,0.5,0.5,40,0,none,0.0
hp_sweep,beam_B20_N5_L8_t08,beam_search,18.76576828956604,16.0,800,24000,480.0,1.0,1.0,0.7458214837607148,0.9435835004488944,0.9463566623306205,50,5,8,20,50,,,,,0.8,0.5,40,0,none,0.0
hp_sweep,beam_B50_N10_L2_t05,beam_search,74.0925223827362,58.0,2900,84100,1682.0,0.72,1.0,0.9386614603963763,0.9466523634133127,0.9470390150710852,50,10,2,2,50,,,,,0.5,0.5,40,0,none,0.0
hp_sweep,beam_B50_N10_L2_t08,beam_search,55.81040048599243,48.0,2400,60000,1200.0,1.0,1.0,0.7170027913998489,0.9441888469408836,0.9473970269670792,50,10,2,2,50,,,,,0.8,0.5,40,0,none,0.0
hp_sweep,beam_B50_N10_L4_t05,beam_search,44.829249143600464,44.0,2200,52800,1056.0,0.46,1.0,0.7484258254293626,0.9456659257392126,0.9456659257392126,50,10,4,4,50,,,,,0.5,0.5,40,0,none,0.0
hp_sweep,beam_B50_N10_L4_t08,beam_search,46.57049489021301,48.0,2400,60000,1200.0,0.48,1.0,0.9463754135668042,0.9479639824724517,0.9480344141489615,50,10,4,4,50,,,,,0.8,0.5,40,0,none,0.0
hp_sweep,beam_B50_N10_L8_t05,beam_search,53.830347776412964,56.0,2800,70000,1400.0,0.56,1.0,0.8099746535941623,0.9480071312404892,0.9480071312404892,50,10,8,8,50,,,,,0.5,0.5,40,0,none,0.0
hp_sweep,beam_B50_N10_L8_t08,beam_search,92.54181218147278,48.0,2400,57600,1152.0,0.38,1.0,0.8619034312765061,0.9479230456305644,0.9479230456305644,50,10,8,8,50,,,,,0.8,0.5,40,0,none,0.0
hp_sweep,beam_B50_N20_L2_t05,beam_search,45.52786612510681,50.4,2520,55440,1108.8,0.42,1.0,0.9241809630073201,0.9472860990051257,0.947893550795942,50,20,2,2,50,,,,,0.5,0.5,40,0,none,0.0
hp_sweep,beam_B50_N20_L2_t08,beam_search,185.97359156608582,64.8,3240,87480,1749.6,0.72,1.0,0.9308538702486958,0.9478956716257549,0.9479230456305644,50,20,2,2,50,,,,,0.8,0.5,40,0,none,0.0
hp_sweep,beam_B50_N20_L4_t05,beam_search,176.53342390060425,67.2,3360,100800,2016.0,0.26,1.0,0.9401279431473596,0.9472375978045142,0.9472375978045142,50,20,4,4,50,,,,,0.5,0.5,40,0,none,0.0
hp_sweep,beam_B50_N20_L4_t08,beam_search,37.34721493721008,48.0,2400,52800,1056.0,0.5,1.0,0.8473961230534712,0.9473810669508358,0.9475347102823918,50,20,4,4,50,,,,,0.8,0.5,40,0,none,0.0
hp_sweep,beam_B50_N20_L8_t05,beam_search,43.41355633735657,48.0,2400,57600,1152.0,0.26,1.0,0.6833323475753801,0.9442709504025094,0.9442709504025094,50,20,8,8,50,,,,,0.5,0.5,40,0,none,0.0
hp_sweep,beam_B50_N20_L8_t08,beam_search,75.5330867767334,76.8,3840,134400,2688.0,0.12,1.0,0.9472614622892315,0.947893550795942,0.947893550795942,50,20,8,8,50,,,,,0.8,0.5,40,0,none,0.0
hp_sweep,beam_B50_N50_L2_t05,beam_search,33.413830280303955,40.0,2000,42000,840.0,0.28,1.0,0.570197553063416,0.6474728893115365,0.6474728893115365,50,50,2,2,50,,,,,0.5,0.5,40,0,none,0.0
hp_sweep,beam_B50_N50_L2_t08,beam_search,28.46893072128296,40.0,2000,42000,840.0,0.26,1.0,0.9254843640209443,0.9388727059418357,0.9388727059418357,50,50,2,2,50,,,,,0.8,0.5,40,0,none,0.0
hp_sweep,beam_B50_N50_L4_t05,beam_search,33.54484295845032,40.0,2000,44000,880.0,0.2,1.0,0.5281099830165277,0.5997819536090209,0.5997819536090209,50,50,4,4,50,,,,,0.5,0.5,40,0,none,0.0
hp_sweep,beam_B50_N50_L4_t08,beam_search,35.42853379249573,48.0,2400,55200,1104.0,0.2,1.0,0.9479192229578832,0.9479283615625089,0.9479283615625089,50,50,4,4,50,,,,,0.8,0.5,40,0,none,0.0
hp_sweep,beam_B50_N50_L8_t05,beam_search,47.09820032119751,56.0,2800,75600,1512.0,0.04,1.0,0.9480127807605674,0.9480127807605674,0.9480127807605674,50,50,8,8,50,,,,,0.5,0.5,40,0,none,0.0
hp_sweep,beam_B50_N50_L8_t08,beam_search,75.92078232765198,48.0,2400,62400,1248.0,0.12,1.0,0.9479942763225654,0.9481885248476654,0.9481885248476654,50,50,8,8,50,,,,,0.8,0.5,40,0,none,0.0
hp_sweep,beam_B50_N5_L2_t05,beam_search,59.762333154678345,46.0,2300,55200,1104.0,1.0,1.0,0.75868748008909,0.9441918155687098,0.9465888370704156,50,5,2,2,50,,,,,0.5,0.5,40,0,none,0.0
hp_sweep,beam_B50_N5_L2_t08,beam_search,163.38342690467834,42.0,2100,44100,882.0,1.0,1.0,0.6814838793931729,0.9119227040123485,0.9219595409406428,50,5,2,2,50,,,,,0.8,0.5,40,0,none,0.0
hp_sweep,beam_B50_N5_L4_t05,beam_search,225.27905797958374,56.0,2800,81200,1624.0,1.0,1.0,0.8452446272728428,0.9425789650886189,0.9441080485839992,50,5,4,4,50,,,,,0.5,0.5,40,0,none,0.0
hp_sweep,beam_B50_N5_L4_t08,beam_search,41.695218324661255,44.0,2200,46200,924.0,1.0,1.0,0.700589037017988,0.946769903794239,0.946769903794239,50,5,4,4,50,,,,,0.8,0.5,40,0,none,0.0
hp_sweep,beam_B50_N5_L8_t05,beam_search,50.073381185531616,48.0,2400,62400,1248.0,1.0,1.0,0.7880737291086488,0.9470807884493693,0.94741258623889,50,5,8,8,50,,,,,0.5,0.5,40,0,none,0.0
hp_sweep,beam_B50_N5_L8_t08,beam_search,51.07803750038147,48.0,2400,60000,1200.0,1.0,1.0,0.6912268239305526,0.8153633514094614,0.9456149261918835,50,5,8,8,50,,,,,0.8,0.5,40,0,none,0.0
hp_sweep,beam_div01_B100_N10_L4_t08,beam_search,128.18255281448364,112.0,5600,156800,3136.0,1.0,1.0,0.9374318642265151,0.9479066581730231,0.9480344141489615,50,10,4,2,50,0.1,,,,0.8,0.5,40,0,none,0.0
hp_sweep,beam_div01_B100_N10_L8_t08,beam_search,126.36225008964539,80.0,4000,88000,1760.0,0.92,1.0,0.6691901149200542,0.9016286497761454,0.9290788227759301,50,10,8,4,50,0.1,,,,0.8,0.5,40,0,none,0.0
hp_sweep,beam_div01_B100_N50_L4_t08,beam_search,56.10022759437561,80.0,4000,84000,1680.0,0.66,1.0,0.9458502267703759,0.9479230456305644,0.9479230456305644,50,50,4,2,50,0.1,,,,0.8,0.5,40,0,none,0.0
hp_sweep,beam_div01_B100_N50_L8_t08,beam_search,95.46546053886414,104.0,5200,130000,2600.0,0.28,1.0,0.9462987361458046,0.946572391313461,0.946572391313461,50,50,8,4,50,0.1,,,,0.8,0.5,40,0,none,0.0
hp_sweep,beam_div01_B20_N10_L4_t08,beam_search,17.27423906326294,16.0,800,20000,400.0,1.0,1.0,0.6568375109263647,0.9421584825891607,0.9429464837102819,50,10,4,10,50,0.1,,,,0.8,0.5,40,0,none,0.0
hp_sweep,beam_div01_B20_N10_L8_t08,beam_search,31.359671354293823,24.0,1200,26400,528.0,0.86,1.0,0.8302003452729866,0.947893550795942,0.947893550795942,50,10,8,20,50,0.1,,,,0.8,0.5,40,0,none,0.0
hp_sweep,beam_div01_B20_N50_L4_t08,beam_search,32.126964807510376,20.0,1000,27000,540.0,0.82,1.0,0.9382340704105353,0.9475636041913926,0.9478961981851824,50,50,4,10,50,0.1,,,,0.8,0.5,40,0,none,0.0
hp_sweep,beam_div01_B20_N50_L8_t08,beam_search,20.24051308631897,24.0,1200,32400,648.0,0.18,1.0,0.9473792828698495,0.9480849505654695,0.9480849505654695,50,50,8,20,50,0.1,,,,0.8,0.5,40,0,none,0.0
hp_sweep,beam_div03_B100_N10_L4_t08,beam_search,107.3098771572113,96.0,4800,120000,2400.0,0.96,1.0,0.7744416812777094,0.9469496696845134,0.9474322367956053,50,10,4,2,50,0.3,,,,0.8,0.5,40,0,none,0.0
hp_sweep,beam_div03_B100_N10_L8_t08,beam_search,111.37108755111694,80.0,4000,88000,1760.0,1.0,1.0,0.9182219417533208,0.9474440919952608,0.947893550795942,50,10,8,4,50,0.3,,,,0.8,0.5,40,0,none,0.0
hp_sweep,beam_div03_B100_N50_L4_t08,beam_search,78.65740871429443,100.0,5000,125000,2500.0,0.3,1.0,0.9469236560390825,0.9479230456305644,0.9479230456305644,50,50,4,2,50,0.3,,,,0.8,0.5,40,0,none,0.0
hp_sweep,beam_div03_B100_N50_L8_t08,beam_search,127.71539068222046,128.0,6400,204800,4096.0,0.06,1.0,0.9482016196531001,0.9482935048114058,0.9482935048114058,50,50,8,4,50,0.3,,,,0.8,0.5,40,0,none,0.0
hp_sweep,beam_div03_B20_N10_L4_t08,beam_search,27.27095890045166,24.0,1200,33600,672.0,1.0,1.0,0.8975379077222918,0.9467006191650723,0.946769903794239,50,10,4,10,50,0.3,,,,0.8,0.5,40,0,none,0.0
hp_sweep,beam_div03_B20_N10_L8_t08,beam_search,33.14569306373596,16.0,800,24000,480.0,1.0,1.0,0.5083577628624478,0.5917763527277526,0.6103709126086541,50,10,8,20,50,0.3,,,,0.8,0.5,40,0,none,0.0
hp_sweep,beam_div03_B20_N50_L4_t08,beam_search,13.06719970703125,16.0,800,20000,400.0,1.0,1.0,0.8389550874227519,0.8999211603945081,0.9066966186681433,50,50,4,10,50,0.3,,,,0.8,0.5,40,0,none,0.0
hp_sweep,beam_div03_B20_N50_L8_t08,beam_search,24.360433101654053,24.0,1200,42000,840.0,0.34,1.0,0.9446248438786161,0.947893550795942,0.947893550795942,50,50,8,20,50,0.3,,,,0.8,0.5,40,0,none,0.0
hp_sweep,beam_div05_B100_N10_L4_t08,beam_search,69.8194842338562,80.0,4000,84000,1680.0,1.0,1.0,0.7902007268322216,0.9479839677746782,0.9480344141489615,50,10,4,2,50,0.5,,,,0.8,0.5,40,0,none,0.0
hp_sweep,beam_div05_B100_N10_L8_t08,beam_search,129.4415831565857,88.0,4400,92400,1848.0,1.0,1.0,0.7631622233610574,0.9452072899144388,0.9479230456305644,50,10,8,4,50,0.5,,,,0.8,0.5,40,0,none,0.0
hp_sweep,beam_div05_B100_N50_L4_t08,beam_search,98.6670331954956,100.0,5000,125000,2500.0,0.36,1.0,0.8907243182167522,0.9219660929166431,0.9219660929166431,50,50,4,2,50,0.5,,,,0.8,0.5,40,0,none,0.0
hp_sweep,beam_div05_B100_N50_L8_t08,beam_search,177.7684531211853,144.0,7200,252000,5040.0,0.14,1.0,0.940492099559625,0.9439954939264945,0.9439954939264945,50,50,8,4,50,0.5,,,,0.8,0.5,40,0,none,0.0
hp_sweep,beam_div05_B20_N10_L4_t08,beam_search,17.353014945983887,16.0,800,20000,400.0,1.0,1.0,0.5663428674109239,0.6966691087016363,0.7519673149165972,50,10,4,10,50,0.5,,,,0.8,0.5,40,0,none,0.0
hp_sweep,beam_div05_B20_N10_L8_t08,beam_search,79.26964926719666,32.0,1600,62400,1248.0,0.92,1.0,0.9391888931904735,0.9472974726903003,0.9478276922299917,50,10,8,20,50,0.5,,,,0.8,0.5,40,0,none,0.0
hp_sweep,beam_div05_B20_N50_L4_t08,beam_search,23.766226053237915,24.0,1200,33600,672.0,0.46,1.0,0.943900741418099,0.9454820263016513,0.945594939311671,50,50,4,10,50,0.5,,,,0.8,0.5,40,0,none,0.0
hp_sweep,beam_div05_B20_N50_L8_t08,beam_search,22.238301992416382,24.0,1200,37200,744.0,0.46,1.0,0.9443541571236765,0.9479230456305644,0.9479230456305644,50,50,8,20,50,0.5,,,,0.8,0.5,40,0,none,0.0
hp_sweep,beam_noelite_B100_N10_L4_t05,beam_search,95.85574197769165,96.0,4800,120000,2400.0,0.1,1.0,0.892188771004912,0.9479230456305644,0.9479230456305644,50,10,4,2,,0.0,,,,0.5,0.5,40,0,none,0.0
hp_sweep,beam_noelite_B100_N10_L4_t08,beam_search,196.49230670928955,116.0,5800,168200,3364.0,0.1,1.0,0.941856159537609,0.946769903794239,0.946769903794239,50,10,4,2,,0.0,,,,0.8,0.5,40,0,none,0.0
hp_sweep,beam_noelite_B100_N10_L8_t05,beam_search,128.00288081169128,88.0,4400,96800,1936.0,0.14,1.0,0.7550725813370198,0.9424072673233821,0.9424072673233821,50,10,8,4,,0.0,,,,0.5,0.5,40,0,none,0.0
hp_sweep,beam_noelite_B100_N10_L8_t08,beam_search,360.3409631252289,128.0,6400,198400,3968.0,0.1,1.0,0.935580725517039,0.947893550795942,0.947893550795942,50,10,8,4,,0.0,,,,0.8,0.5,40,0,none,0.0
hp_sweep,beam_noelite_B100_N20_L4_t05,beam_search,105.53106117248535,110.4,5520,132480,2649.6,0.06,1.0,0.7993783725712356,0.94741258623889,0.94741258623889,50,20,4,2,,0.0,,,,0.5,0.5,40,0,none,0.0
hp_sweep,beam_noelite_B100_N20_L4_t08,beam_search,206.38055324554443,96.0,4800,100800,2016.0,0.08,1.0,0.5401222056866036,0.5607362152362961,0.5607362152362961,50,20,4,2,,0.0,,,,0.8,0.5,40,0,none,0.0
hp_sweep,beam_noelite_B100_N20_L8_t05,beam_search,197.28383874893188,124.8,6240,162240,3244.8,0.06,1.0,0.9427850897283854,0.946769903794239,0.946769903794239,50,20,8,4,,0.0,,,,0.5,0.5,40,0,none,0.0
hp_sweep,beam_noelite_B100_N20_L8_t08,beam_search,174.86081337928772,144.0,7200,216000,4320.0,0.08,1.0,0.9386322287854527,0.9464083865724385,0.9464083865724385,50,20,8,4,,0.0,,,,0.8,0.5,40,0,none,0.0
hp_sweep,beam_noelite_B100_N50_L4_t05,beam_search,101.41528820991516,96.0,4800,115200,2304.0,0.02,1.0,0.9186912532505654,0.9186912532505654,0.9186912532505654,50,50,4,2,,0.0,,,,0.5,0.5,40,0,none,0.0
hp_sweep,beam_noelite_B100_N50_L4_t08,beam_search,156.93616843223572,96.0,4800,120000,2400.0,0.02,1.0,0.8228170923838065,0.8228170923838065,0.8228170923838065,50,50,4,2,,0.0,,,,0.8,0.5,40,0,none,0.0
hp_sweep,beam_noelite_B100_N50_L8_t05,beam_search,228.73023200035095,112.0,5600,168000,3360.0,0.06,1.0,0.9347794246727296,0.9367280829125041,0.9367280829125041,50,50,8,4,,0.0,,,,0.5,0.5,40,0,none,0.0
hp_sweep,beam_noelite_B100_N50_L8_t08,beam_search,65.18511271476746,80.0,4000,88000,1760.0,0.08,1.0,0.5970185782610661,0.5984361484336194,0.5984361484336194,50,50,8,4,,0.0,,,,0.8,0.5,40,0,none,0.0
hp_sweep,beam_noelite_B100_N5_L4_t05,beam_search,84.60727119445801,84.0,4200,88200,1764.0,0.22,1.0,0.6338871223191593,0.9466786472143095,0.9466786472143095,50,5,4,2,,0.0,,,,0.5,0.5,40,0,none,0.0
hp_sweep,beam_noelite_B100_N5_L4_t08,beam_search,354.1692039966583,132.0,6600,217800,4356.0,0.2,1.0,0.9327755399922545,0.9479417426563522,0.9479417426563522,50,5,4,2,,0.0,,,,0.8,0.5,40,0,none,0.0
hp_sweep,beam_noelite_B100_N5_L8_t05,beam_search,149.4373369216919,96.0,4800,124800,2496.0,0.24,1.0,0.8179809335792526,0.9479182075573691,0.9479182075573691,50,5,8,4,,0.0,,,,0.5,0.5,40,0,none,0.0
hp_sweep,beam_noelite_B100_N5_L8_t08,beam_search,174.23221397399902,104.0,5200,135200,2704.0,0.22,1.0,0.8483461796544003,0.9477890373439677,0.9477890373439677,50,5,8,4,,0.0,,,,0.8,0.5,40,0,none,0.0
hp_sweep,beam_noelite_B20_N10_L4_t05,beam_search,19.677581310272217,20.0,1000,22000,440.0,0.2,1.0,0.6348970607404381,0.6916189257895103,0.6916189257895103,50,10,4,10,,0.0,,,,0.5,0.5,40,0,none,0.0
hp_sweep,beam_noelite_B20_N10_L4_t08,beam_search,28.67181420326233,20.0,1000,21000,420.0,0.22,1.0,0.7272663230422961,0.9467866628243538,0.9467866628243538,50,10,4,10,,0.0,,,,0.8,0.5,40,0,none,0.0
hp_sweep,beam_noelite_B20_N10_L8_t05,beam_search,30.803160429000854,24.0,1200,45600,912.0,0.24,1.0,0.9321571154670724,0.946769903794239,0.946769903794239,50,10,8,20,,0.0,,,,0.5,0.5,40,0,none,0.0
hp_sweep,beam_noelite_B20_N10_L8_t08,beam_search,28.057488441467285,24.0,1200,36000,720.0,0.56,1.0,0.8284923861867293,0.9356218388816469,0.939132802453422,50,10,8,20,,0.0,,,,0.8,0.5,40,0,none,0.0
hp_sweep,beam_noelite_B20_N20_L4_t05,beam_search,18.670329570770264,19.2,960,24000,480.0,0.18,1.0,0.7078315584580627,0.947893550795942,0.947893550795942,50,20,4,10,,0.0,,,,0.5,0.5,40,0,none,0.0
hp_sweep,beam_noelite_B20_N20_L4_t08,beam_search,35.50568747520447,24.0,1200,28800,576.0,0.34,1.0,0.7303361976983483,0.946769903794239,0.946769903794239,50,20,4,10,,0.0,,,,0.8,0.5,40,0,none,0.0
hp_sweep,beam_noelite_B20_N20_L8_t05,beam_search,23.666225910186768,28.8,1440,34560,691.2,0.22,1.0,0.8486591097730375,0.9480344141489615,0.9480344141489615,50,20,8,20,,0.0,,,,0.5,0.5,40,0,none,0.0
hp_sweep,beam_noelite_B20_N20_L8_t08,beam_search,24.602290391921997,28.8,1440,33120,662.4,0.22,1.0,0.8197108364784651,0.9479230456305644,0.9479230456305644,50,20,8,20,,0.0,,,,0.8,0.5,40,0,none,0.0
hp_sweep,beam_noelite_B20_N50_L4_t05,beam_search,26.523518562316895,20.0,1000,29000,580.0,0.1,1.0,0.6164709018312908,0.7627772179588964,0.7627772179588964,50,50,4,10,,0.0,,,,0.5,0.5,40,0,none,0.0
hp_sweep,beam_noelite_B20_N50_L4_t08,beam_search,81.65231680870056,28.0,1400,54600,1092.0,0.1,1.0,0.9253968288903727,0.9407803014798987,0.9407803014798987,50,50,4,10,,0.0,,,,0.8,0.5,40,0,none,0.0
hp_sweep,beam_noelite_B20_N50_L8_t05,beam_search,38.74172854423523,24.0,1200,44400,888.0,0.06,1.0,0.9473724819595595,0.9473998893106573,0.9473998893106573,50,50,8,20,,0.0,,,,0.5,0.5,40,0,none,0.0
hp_sweep,beam_noelite_B20_N50_L8_t08,beam_search,24.098488569259644,24.0,1200,44400,888.0,0.1,1.0,0.9444989328837501,0.9472274236192797,0.9472274236192797,50,50,8,20,,0.0,,,,0.8,0.5,40,0,none,0.0
hp_sweep,beam_noelite_B20_N5_L4_t05,beam_search,27.982216835021973,24.0,1200,33600,672.0,0.22,1.0,0.9327903580478544,0.9473587782840106,0.9473587782840106,50,5,4,10,,0.0,,,,0.5,0.5,40,0,none,0.0
hp_sweep,beam_noelite_B20_N5_L4_t08,beam_search,32.33286666870117,16.0,800,20000,400.0,0.6,1.0,0.7206629989431126,0.9454819852048093,0.9469015985665931,50,5,4,10,,0.0,,,,0.8,0.5,40,0,none,0.0
hp_sweep,beam_noelite_B20_N5_L8_t05,beam_search,25.905611038208008,24.0,1200,31200,624.0,0.4,1.0,0.7142648525085884,0.9467782833092964,0.9467866628243538,50,5,8,20,,0.0,,,,0.5,0.5,40,0,none,0.0
hp_sweep,beam_noelite_B20_N5_L8_t08,beam_search,28.476195812225342,24.0,1200,34800,696.0,0.44,1.0,0.8139295887396681,0.9478127842909552,0.948228541614831,50,5,8,20,,0.0,,,,0.8,0.5,40,0,none,0.0
hp_sweep,mcts_B100_L2_c05,mcts,304.39293336868286,100.0,5000,12646,252.92,1.0,1.0,0.8919579730565286,0.9227855244233261,0.9288117403180954,50,,2,5,,,,0.5,100,0.8,0.5,40,0,none,0.0
hp_sweep,mcts_B100_L2_c10,mcts,45.43780303001404,100.0,5000,9550,191.0,1.0,1.0,0.9426890822328353,0.9471846473425053,0.947480230766545,50,,2,5,,,,1.0,100,0.8,0.5,40,0,none,0.0
hp_sweep,mcts_B100_L2_c20,mcts,41.08769917488098,100.0,5000,8086,161.72,1.0,1.0,0.8799385690343077,0.9299319473611503,0.9421328833265944,50,,2,5,,,,2.0,100,0.8,0.5,40,0,none,0.0
hp_sweep,mcts_B100_L4_c05,mcts,147.1133167743683,100.0,5000,76000,1520.0,1.0,1.0,0.9431407491342222,0.9473778730779298,0.9475534052338167,50,,4,5,,,,0.5,100,0.8,0.5,40,0,none,0.0
hp_sweep,mcts_B100_L4_c10,mcts,302.88534808158875,100.0,5000,172700,3454.0,1.0,1.0,0.897971194228529,0.9428060336108539,0.9437223609375411,50,,4,5,,,,1.0,100,0.8,0.5,40,0,none,0.0
hp_sweep,mcts_B100_L4_c20,mcts,215.36638951301575,100.0,5000,118200,2364.0,1.0,1.0,0.9336905358813711,0.9441080485839992,0.9441080485839992,50,,4,5,,,,2.0,100,0.8,0.5,40,0,none,0.0
hp_sweep,mcts_B100_L8_c05,mcts,160.94837594032288,100.0,5000,146000,2920.0,1.0,1.0,0.946625160046889,0.9478940305750321,0.9479417426563522,50,,8,5,,,,0.5,100,0.8,0.5,40,0,none,0.0
hp_sweep,mcts_B100_L8_c10,mcts,135.50385785102844,100.0,5000,122440,2448.8,1.0,1.0,0.9450993028132467,0.9479557951040742,0.9480344141489615,50,,8,5,,,,1.0,100,0.8,0.5,40,0,none,0.0
hp_sweep,mcts_B100_L8_c20,mcts,1095.9492590427399,100.0,5000,156480,3129.6,1.0,1.0,0.9447690876549143,0.94741258623889,0.94741258623889,50,,8,5,,,,2.0,100,0.8,0.5,40,0,none,0.0
hp_sweep,mcts_B200_L2_c05,mcts,107.09295225143433,200.0,10000,23270,465.4,1.0,1.0,0.8855810950339693,0.9098773041568684,0.9145266783696089,50,,2,5,,,,0.5,200,0.8,0.5,40,0,none,0.0
hp_sweep,mcts_B200_L2_c10,mcts,38.48469591140747,200.0,10000,5020,100.4,1.0,1.0,0.9361621497037088,0.9464173940755038,0.9466786472143095,50,,2,5,,,,1.0,200,0.8,0.5,40,0,none,0.0
hp_sweep,mcts_B200_L2_c20,mcts,111.08738803863525,200.0,10000,24406,488.12,1.0,1.0,0.8901147227866185,0.9330424203277581,0.9341210816410285,50,,2,5,,,,2.0,200,0.8,0.5,40,0,none,0.0
hp_sweep,mcts_B200_L4_c05,mcts,170.22361373901367,200.0,10000,85960,1719.2,1.0,1.0,0.9426102343553588,0.9479230456305643,0.9479230456305644,50,,4,5,,,,0.5,200,0.8,0.5,40,0,none,0.0
hp_sweep,mcts_B200_L4_c10,mcts,366.8528461456299,200.0,10000,200680,4013.6,1.0,1.0,0.9371341790010232,0.9448301715512738,0.9455880624836474,50,,4,5,,,,1.0,200,0.8,0.5,40,0,none,0.0
hp_sweep,mcts_B200_L4_c20,mcts,1606.3022203445435,200.0,10000,133360,2667.2,1.0,1.0,0.9433017040732617,0.9479616940709988,0.9480344141489615,50,,4,5,,,,2.0,200,0.8,0.5,40,0,none,0.0
hp_sweep,mcts_B200_L8_c05,mcts,409.81913709640503,200.0,10000,332320,6646.4,1.0,1.0,0.9309526272205779,0.9319484586124173,0.93201952662895,50,,8,5,,,,0.5,200,0.8,0.5,40,0,none,0.0
hp_sweep,mcts_B200_L8_c10,mcts,2086.2955775260925,200.0,10000,296040,5920.8,1.0,1.0,0.9443511681224268,0.9467438866732298,0.9474706833930736,50,,8,5,,,,1.0,200,0.8,0.5,40,0,none,0.0
hp_sweep,mcts_B200_L8_c20,mcts,253.97957038879395,200.0,10000,226720,4534.4,1.0,1.0,0.9460107180413321,0.9480739893515684,0.9482447206738761,50,,8,5,,,,2.0,200,0.8,0.5,40,0,none,0.0
hp_sweep,mcts_B20_L2_c05,mcts,75.46655941009521,20.0,1000,21280,425.6,1.0,1.0,0.8717498459940003,0.909522406410441,0.9184477774268053,50,,2,5,,,,0.5,20,0.8,0.5,40,0,none,0.0
hp_sweep,mcts_B20_L2_c10,mcts,87.52964448928833,20.0,1000,25640,512.8,1.0,1.0,0.8626792807190519,0.9238061132005768,0.9430667248637611,50,,2,5,,,,1.0,20,0.8,0.5,40,0,none,0.0
hp_sweep,mcts_B20_L2_c20,mcts,60.09571194648743,20.0,1000,4850,97.0,1.0,1.0,0.8583437024216042,0.9194131467206368,0.9324990853048816,50,,2,5,,,,2.0,20,0.8,0.5,40,0,none,0.0
hp_sweep,mcts_B20_L4_c05,mcts,37.13663339614868,20.0,1000,20600,412.0,1.0,1.0,0.9402628314951653,0.9471498220889141,0.947893550795942,50,,4,5,,,,0.5,20,0.8,0.5,40,0,none,0.0
hp_sweep,mcts_B20_L4_c10,mcts,281.92014598846436,20.0,1000,40380,807.6,1.0,1.0,0.9091960018760805,0.9127276814252934,0.9141511463349965,50,,4,5,,,,1.0,20,0.8,0.5,40,0,none,0.0
hp_sweep,mcts_B20_L4_c20,mcts,40.62064075469971,20.0,1000,22240,444.8,1.0,1.0,0.9399428369145627,0.9461246072646625,0.9479230456305644,50,,4,5,,,,2.0,20,0.8,0.5,40,0,none,0.0
hp_sweep,mcts_B20_L8_c05,mcts,30.751626014709473,20.0,1000,28200,564.0,1.0,1.0,0.9446658874582593,0.9479261276754742,0.9480344141489615,50,,8,5,,,,0.5,20,0.8,0.5,40,0,none,0.0
hp_sweep,mcts_B20_L8_c10,mcts,47.4711229801178,20.0,1000,39320,786.4,1.0,1.0,0.9335245958266937,0.9398872261600385,0.9441080485839992,50,,8,5,,,,1.0,20,0.8,0.5,40,0,none,0.0
hp_sweep,mcts_B20_L8_c20,mcts,30.607308864593506,20.0,1000,28320,566.4,1.0,1.0,0.9308092515711586,0.9440680895685858,0.9472651270888701,50,,8,5,,,,2.0,20,0.8,0.5,40,0,none,0.0
hp_sweep,mcts_B50_L2_c05,mcts,96.34744954109192,50.0,2500,25952,519.04,1.0,1.0,0.8990490878830242,0.9080034724730114,0.9084132704005543,50,,2,5,,,,0.5,50,0.8,0.5,40,0,none,0.0
hp_sweep,mcts_B50_L2_c10,mcts,495.87229108810425,50.0,2500,40630,812.6,1.0,1.0,0.833046041269059,0.8694591747688412,0.9093369648416997,50,,2,5,,,,1.0,50,0.8,0.5,40,0,none,0.0
hp_sweep,mcts_B50_L2_c20,mcts,123.84385776519775,50.0,2500,33370,667.4,1.0,1.0,0.8778876544208041,0.9182399936800543,0.9188294350031528,50,,2,5,,,,2.0,50,0.8,0.5,40,0,none,0.0
hp_sweep,mcts_B50_L4_c05,mcts,349.12991857528687,50.0,2500,50000,1000.0,1.0,1.0,0.939561121227144,0.946920701058201,0.9473587782840106,50,,4,5,,,,0.5,50,0.8,0.5,40,0,none,0.0
hp_sweep,mcts_B50_L4_c10,mcts,128.60712456703186,50.0,2500,73920,1478.4,1.0,1.0,0.9311686544874053,0.9364968106079571,0.937228285108002,50,,4,5,,,,1.0,50,0.8,0.5,40,0,none,0.0
hp_sweep,mcts_B50_L4_c20,mcts,113.0345778465271,50.0,2500,61560,1231.2,1.0,1.0,0.9389412077140716,0.9478154907062514,0.9480082501464197,50,,4,5,,,,2.0,50,0.8,0.5,40,0,none,0.0
hp_sweep,mcts_B50_L8_c05,mcts,89.7658121585846,50.0,2500,83112,1662.24,1.0,1.0,0.9435284952866694,0.9467584871637321,0.9476516027882027,50,,8,5,,,,0.5,50,0.8,0.5,40,0,none,0.0
hp_sweep,mcts_B50_L8_c10,mcts,85.17974901199341,50.0,2500,78200,1564.0,1.0,1.0,0.9443603761562589,0.9472402636846475,0.9473587782840106,50,,8,5,,,,1.0,50,0.8,0.5,40,0,none,0.0
hp_sweep,mcts_B50_L8_c20,mcts,126.25314831733704,50.0,2500,105656,2113.12,1.0,1.0,0.9243868083277779,0.9332765746057741,0.9394182172688857,50,,8,5,,,,2.0,50,0.8,0.5,40,0,none,0.0
hp_sweep,mcts_ref_B100_L4_c10,mcts,207.0685658454895,100.0,5000,116540,2330.8,1.0,1.0,0.940639004697313,0.9460667318527497,0.9473185272292947,50,,4,5,,,,1.0,100,0.8,0.5,40,0,none,0.0
hp_sweep,mcts_ref_B100_L8_c10,mcts,151.61461329460144,100.0,5000,138280,2765.6,1.0,1.0,0.9470631665190986,0.9477460809327718,0.9481845031016837,50,,8,5,,,,1.0,100,0.8,0.5,40,0,none,0.0
hp_sweep,mcts_ref_B20_L4_c10,mcts,50.93746757507324,20.0,1000,28000,560.0,1.0,1.0,0.9404549870199282,0.946830577379283,0.9473970269670792,50,,4,5,,,,1.0,20,0.8,0.5,40,0,none,0.0
hp_sweep,mcts_ref_B20_L8_c10,mcts,40.589935064315796,20.0,1000,28320,566.4,1.0,1.0,0.9425826999553196,0.9470342258288642,0.9480849505654695,50,,8,5,,,,1.0,20,0.8,0.5,40,0,none,0.0
hp_sweep,uncond_500,unconditional,30.03757929801941,0,0,0,0,1.0,0.998,0.8084906252850358,0.9311010796674585,0.94741258623889,500,,,,,,,,,0.8,0.5,40,0,none,0.0
hp_sweep,uncond_baseline,unconditional,2.5289878845214844,0,0,0,0,1.0,1.0,0.8475209090244583,0.9246627495473716,0.9403738184938477,50,,,,,,,,,0.8,0.5,40,0,none,0.0
budget_curve,budget_K10_L4_default,beam_search,,,,,,1.0,0.06,0.9249141100427759,0.9249141100427757,0.9249141100427756,50,50,4,10,,,,,,0.8,0.5,40,0,none,0.0
budget_curve,budget_K10_L4_div,beam_search,,,,,,1.0,0.52,0.9436184466092965,0.9479675930379232,0.9480344141489615,50,50,4,10,,,0.6,,,0.8,0.5,40,0,none,0.0
budget_curve,budget_K10_L4_rand,beam_search,,,,,,1.0,0.08,0.9472620351178995,0.9472620351178985,0.9472620351178986,50,50,4,10,,,,,,0.8,2.0,40,0,none,0.0
budget_curve,budget_K10_L4_t05,beam_search,,,,,,1.0,0.08,0.9476854481098055,0.9478423903256857,0.9478423903256857,50,50,4,10,,,,,,0.5,0.5,40,0,none,0.0
budget_curve,budget_K1_L4_default,beam_search,,,,,,1.0,0.02,0.9329780070406973,0.9329780070406976,0.9329780070406976,50,50,4,1,,,,,,0.8,0.5,40,0,none,0.0
budget_curve,budget_K1_L4_div,beam_search,,,,,,1.0,0.02,0.8331338791241975,0.8331338791241972,0.8331338791241972,50,50,4,1,,,0.6,,,0.8,0.5,40,0,none,0.0
budget_curve,budget_K1_L4_rand,beam_search,,,,,,1.0,0.02,0.9200211125137941,0.9200211125137944,0.9200211125137945,50,50,4,1,,,,,,0.8,2.0,40,0,none,0.0
budget_curve,budget_K1_L4_t05,beam_search,,,,,,1.0,0.02,0.9320287011684413,0.9320287011684412,0.9320287011684412,50,50,4,1,,,,,,0.5,0.5,40,0,none,0.0
budget_curve,budget_K20_L4_default,beam_search,,,,,,1.0,0.68,0.9351400630951594,0.9443654828053735,0.9463566623306204,50,50,4,20,,,,,,0.8,0.5,40,0,none,0.0
budget_curve,budget_K20_L4_div,beam_search,,,,,,1.0,0.24,0.9458419013362764,0.9476687730406189,0.9481556770739474,50,50,4,20,,,0.6,,,0.8,0.5,40,0,none,0.0
budget_curve,budget_K20_L4_rand,beam_search,,,,,,1.0,0.64,0.9294065917305576,0.9455278136203462,0.9479380820623227,50,50,4,20,,,,,,0.8,2.0,40,0,none,0.0
budget_curve,budget_K20_L4_t05,beam_search,,,,,,1.0,0.28,0.9436370804596571,0.9463635294503299,0.9471102565389131,50,50,4,20,,,,,,0.5,0.5,40,0,none,0.0
budget_curve,budget_K2_L4_default,beam_search,,,,,,1.0,0.02,0.944526758586207,0.9445267585862072,0.9445267585862072,50,50,4,2,,,,,,0.8,0.5,40,0,none,0.0
budget_curve,budget_K2_L4_div,beam_search,,,,,,1.0,0.02,0.9468183777400635,0.9468183777400634,0.9468183777400634,50,50,4,2,,,0.6,,,0.8,0.5,40,0,none,0.0
budget_curve,budget_K2_L4_rand,beam_search,,,,,,1.0,0.02,0.9479833448891527,0.9479833448891533,0.9479833448891534,50,50,4,2,,,,,,0.8,2.0,40,0,none,0.0
budget_curve,budget_K2_L4_t05,beam_search,,,,,,1.0,0.02,0.9466786472143105,0.9466786472143095,0.9466786472143095,50,50,4,2,,,,,,0.5,0.5,40,0,none,0.0
budget_curve,budget_K5_L2_default,beam_search,,,,,,1.0,0.1,0.9432391107222133,0.944219413478308,0.9444714138199167,50,50,2,5,,,,,,0.8,0.5,40,0,none,0.0
budget_curve,budget_K5_L2_t05,beam_search,,,,,,1.0,0.04,0.9454085306528319,0.9454085306528313,0.9454085306528314,50,50,2,5,,,,,,0.5,0.5,40,0,none,0.0
budget_curve,budget_K5_L4_default,beam_search,,,,,,1.0,0.06,0.9470845249547161,0.9478935507959421,0.947893550795942,50,50,4,5,,,,,,0.8,0.5,40,0,none,0.0
budget_curve,budget_K5_L4_div,beam_search,,,,,,1.0,0.08,0.9468501756294243,0.9470284434163926,0.9470284434163927,50,50,4,5,,,0.6,,,0.8,0.5,40,0,none,0.0
budget_curve,budget_K5_L4_rand,beam_search,,,,,,1.0,0.04,0.9335277597152688,0.9335277597152697,0.9335277597152697,50,50,4,5,,,,,,0.8,2.0,40,0,none,0.0
budget_curve,budget_K5_L4_t05,beam_search,,,,,,1.0,0.06,0.9398839367645805,0.9398839367645797,0.9398839367645797,50,50,4,5,,,,,,0.5,0.5,40,0,none,0.0
budget_curve,budget_K5_L8_default,beam_search,,,,,,1.0,0.02,0.947923045630565,0.9479230456305643,0.9479230456305644,50,50,8,5,,,,,,0.8,0.5,40,0,none,0.0
budget_curve,budget_K5_L8_t05,beam_search,,,,,,1.0,0.06,0.9476453155444393,0.9479230456305643,0.9479230456305644,50,50,8,5,,,,,,0.5,0.5,40,0,none,0.0
budget_curve,budget_standard,unconditional,,,,,,1.0,1.0,0.8199296428309537,0.927828393062844,0.9395321260403509,50,,,,,,,,,0.8,0.5,40,0,none,0.0
